bus_number,operator_name,review,upvotes
APSRTC-488,APSRTC,"Excellent suspension, didn't feel the bumps on the highway. Good night's sleep.",39
APSRTC-488,APSRTC,Very comfortable sleeper seats. The driver drove very safely.,37
APSRTC-488,APSRTC,Charging ports worked! That's a huge plus. Very clean interiors.,44
APSRTC-488,APSRTC,The seats were not cleaned properly and AC was leaking water.,27
APSRTC-488,APSRTC,Rash driving by the driver. Felt unsafe during the ghat section.,35
APSRTC-488,APSRTC,Very comfortable sleeper seats. The driver drove very safely.,34
APSRTC-488,APSRTC,Reached on time but the boarding point was very crowded.,8
APSRTC-488,APSRTC,"Bus stopped too many times at night, disturbed my sleep, but otherwise fine.",26
APSRTC-488,APSRTC,"Clean bus, courteous staff, and reached the destination 10 minutes early.",38
APSRTC-488,APSRTC,It was an okay journey. AC was a bit too cold but seats were fine.,15
APSRTC-488,APSRTC,"Clean bus, courteous staff, and reached the destination 10 minutes early.",19
APSRTC-488,APSRTC,Reached on time but the boarding point was very crowded.,31
APSRTC-488,APSRTC,Reached on time but the boarding point was very crowded.,45
APSRTC-628,APSRTC,Good budget friendly option. The state transport has really improved.,8
APSRTC-628,APSRTC,It was an okay journey. AC was a bit too cold but seats were fine.,23
APSRTC-628,APSRTC,Reached on time but the boarding point was very crowded.,31
APSRTC-628,APSRTC,"Clean bus, courteous staff, and reached the destination 10 minutes early.",28
APSRTC-628,APSRTC,"Clean bus, courteous staff, and reached the destination 10 minutes early.",13
APSRTC-628,APSRTC,Standard state transport bus. Nothing special but gets the job done.,6
APSRTC-628,APSRTC,It was an okay journey. AC was a bit too cold but seats were fine.,50
APSRTC-640,APSRTC,Charging ports worked! That's a huge plus. Very clean interiors.,18
APSRTC-640,APSRTC,"Bus stopped too many times at night, disturbed my sleep, but otherwise fine.",24
APSRTC-640,APSRTC,"Excellent suspension, didn't feel the bumps on the highway. Good night's sleep.",17
APSRTC-640,APSRTC,Bus was delayed by 2 hours. Very frustrating experience.,34
APSRTC-640,APSRTC,The bus was perfectly on time and the AC worked great throughout the journey.,24
APSRTC-640,APSRTC,Very comfortable sleeper seats. The driver drove very safely.,11
APSRTC-640,APSRTC,The bus was perfectly on time and the AC worked great throughout the journey.,17
APSRTC-640,APSRTC,"Clean bus, courteous staff, and reached the destination 10 minutes early.",49
APSRTC-640,APSRTC,Standard state transport bus. Nothing special but gets the job done.,16
APSRTC-640,APSRTC,Charging ports worked! That's a huge plus. Very clean interiors.,49
APSRTC-640,APSRTC,Bus was delayed by 2 hours. Very frustrating experience.,35
APSRTC-640,APSRTC,"Excellent suspension, didn't feel the bumps on the highway. Good night's sleep.",28
APSRTC-640,APSRTC,Good budget friendly option. The state transport has really improved.,8
APSRTC-640,APSRTC,"Excellent suspension, didn't feel the bumps on the highway. Good night's sleep.",46
APSRTC-640,APSRTC,The bus was perfectly on time and the AC worked great throughout the journey.,9
APSRTC-996,APSRTC,"Clean bus, courteous staff, and reached the destination 10 minutes early.",15
APSRTC-996,APSRTC,Charging ports worked! That's a huge plus. Very clean interiors.,8
APSRTC-996,APSRTC,"Excellent suspension, didn't feel the bumps on the highway. Good night's sleep.",38
APSRTC-996,APSRTC,Overpriced for the quality. Non-functional charging ports.,25
APSRTC-996,APSRTC,"Excellent suspension, didn't feel the bumps on the highway. Good night's sleep.",4
APSRTC-996,APSRTC,It was an okay journey. AC was a bit too cold but seats were fine.,34
APSRTC-619,APSRTC,The bus was perfectly on time and the AC worked great throughout the journey.,24
APSRTC-619,APSRTC,Bus was delayed by 2 hours. Very frustrating experience.,18
APSRTC-619,APSRTC,"Bus stopped too many times at night, disturbed my sleep, but otherwise fine.",8
APSRTC-619,APSRTC,The bus was perfectly on time and the AC worked great throughout the journey.,0
APSRTC-619,APSRTC,Very comfortable sleeper seats. The driver drove very safely.,48
APSRTC-619,APSRTC,The bus was perfectly on time and the AC worked great throughout the journey.,10
APSRTC-619,APSRTC,Charging ports worked! That's a huge plus. Very clean interiors.,26
APSRTC-619,APSRTC,Good budget friendly option. The state transport has really improved.,12
APSRTC-619,APSRTC,"Excellent suspension, didn't feel the bumps on the highway. Good night's sleep.",14
APSRTC-619,APSRTC,"Clean bus, courteous staff, and reached the destination 10 minutes early.",40
TSRTC-773,TSRTC,The bus was perfectly on time and the AC worked great throughout the journey.,48
TSRTC-773,TSRTC,The bus was perfectly on time and the AC worked great throughout the journey.,32
TSRTC-773,TSRTC,Standard state transport bus. Nothing special but gets the job done.,48
TSRTC-773,TSRTC,Standard state transport bus. Nothing special but gets the job done.,29
TSRTC-773,TSRTC,"Excellent suspension, didn't feel the bumps on the highway. Good night's sleep.",12
TSRTC-773,TSRTC,"Clean bus, courteous staff, and reached the destination 10 minutes early.",12
TSRTC-773,TSRTC,"Bus stopped too many times at night, disturbed my sleep, but otherwise fine.",3
TSRTC-773,TSRTC,Bus was delayed by 2 hours. Very frustrating experience.,0
TSRTC-773,TSRTC,"Clean bus, courteous staff, and reached the destination 10 minutes early.",10
TSRTC-652,TSRTC,"Clean bus, courteous staff, and reached the destination 10 minutes early.",23
TSRTC-652,TSRTC,It was an okay journey. AC was a bit too cold but seats were fine.,33
TSRTC-652,TSRTC,"Bus stopped too many times at night, disturbed my sleep, but otherwise fine.",43
TSRTC-652,TSRTC,"Excellent suspension, didn't feel the bumps on the highway. Good night's sleep.",20
TSRTC-652,TSRTC,Standard state transport bus. Nothing special but gets the job done.,37
TSRTC-652,TSRTC,Standard state transport bus. Nothing special but gets the job done.,32
TSRTC-652,TSRTC,Standard state transport bus. Nothing special but gets the job done.,16
TSRTC-652,TSRTC,Very comfortable sleeper seats. The driver drove very safely.,16
TSRTC-652,TSRTC,"Bus stopped too many times at night, disturbed my sleep, but otherwise fine.",3
TSRTC-652,TSRTC,"Excellent suspension, didn't feel the bumps on the highway. Good night's sleep.",23
TSRTC-652,TSRTC,Rash driving by the driver. Felt unsafe during the ghat section.,4
TSRTC-528,TSRTC,"Excellent suspension, didn't feel the bumps on the highway. Good night's sleep.",7
TSRTC-528,TSRTC,"Clean bus, courteous staff, and reached the destination 10 minutes early.",9
TSRTC-528,TSRTC,The bus was perfectly on time and the AC worked great throughout the journey.,20
TSRTC-528,TSRTC,"Clean bus, courteous staff, and reached the destination 10 minutes early.",25
TSRTC-528,TSRTC,Very comfortable sleeper seats. The driver drove very safely.,25
TSRTC-463,TSRTC,"Excellent suspension, didn't feel the bumps on the highway. Good night's sleep.",35
TSRTC-463,TSRTC,Overpriced for the quality. Non-functional charging ports.,21
TSRTC-463,TSRTC,Charging ports worked! That's a huge plus. Very clean interiors.,10
TSRTC-463,TSRTC,Rash driving by the driver. Felt unsafe during the ghat section.,37
TSRTC-463,TSRTC,Rash driving by the driver. Felt unsafe during the ghat section.,34
TSRTC-463,TSRTC,Very comfortable sleeper seats. The driver drove very safely.,45
TSRTC-463,TSRTC,Good budget friendly option. The state transport has really improved.,35
TSRTC-463,TSRTC,Charging ports worked! That's a huge plus. Very clean interiors.,9
TSRTC-463,TSRTC,"Clean bus, courteous staff, and reached the destination 10 minutes early.",44
TSRTC-463,TSRTC,"Excellent suspension, didn't feel the bumps on the highway. Good night's sleep.",42
TSRTC-165,TSRTC,"Bus stopped too many times at night, disturbed my sleep, but otherwise fine.",5
TSRTC-165,TSRTC,Good budget friendly option. The state transport has really improved.,9
TSRTC-165,TSRTC,"Clean bus, courteous staff, and reached the destination 10 minutes early.",10
TSRTC-165,TSRTC,Overpriced for the quality. Non-functional charging ports.,33
TSRTC-165,TSRTC,The bus was perfectly on time and the AC worked great throughout the journey.,39
KSRTC-491,KSRTC,Good budget friendly option. The state transport has really improved.,31
KSRTC-491,KSRTC,Standard state transport bus. Nothing special but gets the job done.,35
KSRTC-491,KSRTC,Charging ports worked! That's a huge plus. Very clean interiors.,19
KSRTC-491,KSRTC,It was an okay journey. AC was a bit too cold but seats were fine.,20
KSRTC-491,KSRTC,"Clean bus, courteous staff, and reached the destination 10 minutes early.",46
KSRTC-491,KSRTC,Reached on time but the boarding point was very crowded.,43
KSRTC-491,KSRTC,The bus was perfectly on time and the AC worked great throughout the journey.,28
KSRTC-346,KSRTC,The seats were not cleaned properly and AC was leaking water.,31
KSRTC-346,KSRTC,Very comfortable sleeper seats. The driver drove very safely.,16
KSRTC-346,KSRTC,It was an okay journey. AC was a bit too cold but seats were fine.,42
KSRTC-346,KSRTC,Charging ports worked! That's a huge plus. Very clean interiors.,45
KSRTC-346,KSRTC,It was an okay journey. AC was a bit too cold but seats were fine.,14
KSRTC-346,KSRTC,Charging ports worked! That's a huge plus. Very clean interiors.,29
KSRTC-346,KSRTC,It was an okay journey. AC was a bit too cold but seats were fine.,39
KSRTC-346,KSRTC,Standard state transport bus. Nothing special but gets the job done.,43
KSRTC-346,KSRTC,Bus was delayed by 2 hours. Very frustrating experience.,19
KSRTC-346,KSRTC,Good budget friendly option. The state transport has really improved.,8
KSRTC-346,KSRTC,"Clean bus, courteous staff, and reached the destination 10 minutes early.",32
KSRTC-346,KSRTC,Good budget friendly option. The state transport has really improved.,42
KSRTC-346,KSRTC,Very comfortable sleeper seats. The driver drove very safely.,16
KSRTC-391,KSRTC,Good budget friendly option. The state transport has really improved.,48
KSRTC-391,KSRTC,"Clean bus, courteous staff, and reached the destination 10 minutes early.",44
KSRTC-391,KSRTC,"Excellent suspension, didn't feel the bumps on the highway. Good night's sleep.",28
KSRTC-391,KSRTC,"Bus stopped too many times at night, disturbed my sleep, but otherwise fine.",42
KSRTC-391,KSRTC,"Bus stopped too many times at night, disturbed my sleep, but otherwise fine.",29
KSRTC-391,KSRTC,The seats were not cleaned properly and AC was leaking water.,1
KSRTC-391,KSRTC,Good budget friendly option. The state transport has really improved.,4
KSRTC-391,KSRTC,"Excellent suspension, didn't feel the bumps on the highway. Good night's sleep.",20
KSRTC-391,KSRTC,Very comfortable sleeper seats. The driver drove very safely.,6
KSRTC-391,KSRTC,"Excellent suspension, didn't feel the bumps on the highway. Good night's sleep.",9
KSRTC-391,KSRTC,Charging ports worked! That's a huge plus. Very clean interiors.,12
KSRTC-391,KSRTC,"Clean bus, courteous staff, and reached the destination 10 minutes early.",41
KSRTC-431,KSRTC,"Bus stopped too many times at night, disturbed my sleep, but otherwise fine.",40
KSRTC-431,KSRTC,Charging ports worked! That's a huge plus. Very clean interiors.,49
KSRTC-431,KSRTC,Very comfortable sleeper seats. The driver drove very safely.,12
KSRTC-431,KSRTC,The bus was perfectly on time and the AC worked great throughout the journey.,45
KSRTC-431,KSRTC,Good budget friendly option. The state transport has really improved.,3
KSRTC-431,KSRTC,The bus was perfectly on time and the AC worked great throughout the journey.,4
KSRTC-431,KSRTC,"Excellent suspension, didn't feel the bumps on the highway. Good night's sleep.",37
KSRTC-431,KSRTC,The bus was perfectly on time and the AC worked great throughout the journey.,44
KSRTC-431,KSRTC,Good budget friendly option. The state transport has really improved.,27
KSRTC-431,KSRTC,The bus was perfectly on time and the AC worked great throughout the journey.,34
KSRTC-331,KSRTC,The seats were not cleaned properly and AC was leaking water.,37
KSRTC-331,KSRTC,The bus was perfectly on time and the AC worked great throughout the journey.,13
KSRTC-331,KSRTC,Very comfortable sleeper seats. The driver drove very safely.,12
KSRTC-331,KSRTC,"Bus stopped too many times at night, disturbed my sleep, but otherwise fine.",32
KSRTC-331,KSRTC,Very comfortable sleeper seats. The driver drove very safely.,47
KSRTC-331,KSRTC,The seats were not cleaned properly and AC was leaking water.,18
KSRTC-331,KSRTC,Good budget friendly option. The state transport has really improved.,15
KSRTC-331,KSRTC,Very comfortable sleeper seats. The driver drove very safely.,1
KSRTC-331,KSRTC,Charging ports worked! That's a huge plus. Very clean interiors.,29
KSRTC-331,KSRTC,It was an okay journey. AC was a bit too cold but seats were fine.,25
KSRTC-331,KSRTC,The bus was perfectly on time and the AC worked great throughout the journey.,14
KSRTC-331,KSRTC,The bus was perfectly on time and the AC worked great throughout the journey.,20
KSRTC-331,KSRTC,Overpriced for the quality. Non-functional charging ports.,17
KSRTC-331,KSRTC,Very comfortable sleeper seats. The driver drove very safely.,42
KSRTC-331,KSRTC,Very comfortable sleeper seats. The driver drove very safely.,7
OSRTC-519,OSRTC,Bus was delayed by 2 hours. Very frustrating experience.,0
OSRTC-519,OSRTC,"Clean bus, courteous staff, and reached the destination 10 minutes early.",20
OSRTC-519,OSRTC,It was an okay journey. AC was a bit too cold but seats were fine.,5
OSRTC-519,OSRTC,Good budget friendly option. The state transport has really improved.,45
OSRTC-519,OSRTC,Charging ports worked! That's a huge plus. Very clean interiors.,27
OSRTC-519,OSRTC,"Bus stopped too many times at night, disturbed my sleep, but otherwise fine.",4
OSRTC-519,OSRTC,"Bus stopped too many times at night, disturbed my sleep, but otherwise fine.",26
OSRTC-519,OSRTC,Charging ports worked! That's a huge plus. Very clean interiors.,36
OSRTC-386,OSRTC,It was an okay journey. AC was a bit too cold but seats were fine.,10
OSRTC-386,OSRTC,Very comfortable sleeper seats. The driver drove very safely.,48
OSRTC-386,OSRTC,Charging ports worked! That's a huge plus. Very clean interiors.,4
OSRTC-386,OSRTC,"Bus stopped too many times at night, disturbed my sleep, but otherwise fine.",9
OSRTC-386,OSRTC,Very comfortable sleeper seats. The driver drove very safely.,49
OSRTC-386,OSRTC,Bus was delayed by 2 hours. Very frustrating experience.,30
OSRTC-386,OSRTC,Good budget friendly option. The state transport has really improved.,33
OSRTC-386,OSRTC,"Excellent suspension, didn't feel the bumps on the highway. Good night's sleep.",49
OSRTC-386,OSRTC,Overpriced for the quality. Non-functional charging ports.,1
OSRTC-386,OSRTC,The bus was perfectly on time and the AC worked great throughout the journey.,40
OSRTC-386,OSRTC,"Excellent suspension, didn't feel the bumps on the highway. Good night's sleep.",46
OSRTC-570,OSRTC,Standard state transport bus. Nothing special but gets the job done.,45
OSRTC-570,OSRTC,The seats were not cleaned properly and AC was leaking water.,31
OSRTC-570,OSRTC,Very comfortable sleeper seats. The driver drove very safely.,20
OSRTC-570,OSRTC,Good budget friendly option. The state transport has really improved.,41
OSRTC-570,OSRTC,Very comfortable sleeper seats. The driver drove very safely.,34
OSRTC-570,OSRTC,Charging ports worked! That's a huge plus. Very clean interiors.,27
OSRTC-570,OSRTC,Charging ports worked! That's a huge plus. Very clean interiors.,6
OSRTC-570,OSRTC,It was an okay journey. AC was a bit too cold but seats were fine.,14
OSRTC-570,OSRTC,Very comfortable sleeper seats. The driver drove very safely.,6
OSRTC-188,OSRTC,Good budget friendly option. The state transport has really improved.,25
OSRTC-188,OSRTC,"Bus stopped too many times at night, disturbed my sleep, but otherwise fine.",6
OSRTC-188,OSRTC,Charging ports worked! That's a huge plus. Very clean interiors.,35
OSRTC-188,OSRTC,"Excellent suspension, didn't feel the bumps on the highway. Good night's sleep.",46
OSRTC-188,OSRTC,It was an okay journey. AC was a bit too cold but seats were fine.,37
OSRTC-188,OSRTC,"Clean bus, courteous staff, and reached the destination 10 minutes early.",11
OSRTC-188,OSRTC,Standard state transport bus. Nothing special but gets the job done.,24
OSRTC-188,OSRTC,The bus was perfectly on time and the AC worked great throughout the journey.,33
OSRTC-188,OSRTC,Standard state transport bus. Nothing special but gets the job done.,49
OSRTC-188,OSRTC,Overpriced for the quality. Non-functional charging ports.,27
OSRTC-188,OSRTC,Good budget friendly option. The state transport has really improved.,26
OSRTC-188,OSRTC,The bus was perfectly on time and the AC worked great throughout the journey.,20
OSRTC-188,OSRTC,The bus was perfectly on time and the AC worked great throughout the journey.,12
OSRTC-188,OSRTC,Rash driving by the driver. Felt unsafe during the ghat section.,7
OSRTC-280,OSRTC,"Bus stopped too many times at night, disturbed my sleep, but otherwise fine.",18
OSRTC-280,OSRTC,The bus was perfectly on time and the AC worked great throughout the journey.,36
OSRTC-280,OSRTC,"Clean bus, courteous staff, and reached the destination 10 minutes early.",24
OSRTC-280,OSRTC,Very comfortable sleeper seats. The driver drove very safely.,19
OSRTC-280,OSRTC,Standard state transport bus. Nothing special but gets the job done.,38
OSRTC-280,OSRTC,Very comfortable sleeper seats. The driver drove very safely.,38
OSRTC-280,OSRTC,Good budget friendly option. The state transport has really improved.,11
VRL Travels-137,VRL Travels,Bus was delayed by 2 hours. Very frustrating experience.,33
VRL Travels-137,VRL Travels,"Bus stopped too many times at night, disturbed my sleep, but otherwise fine.",48
VRL Travels-137,VRL Travels,The seats were not cleaned properly and AC was leaking water.,47
VRL Travels-137,VRL Travels,Reached on time but the boarding point was very crowded.,8
VRL Travels-137,VRL Travels,"Bus stopped too many times at night, disturbed my sleep, but otherwise fine.",48
VRL Travels-137,VRL Travels,"Excellent suspension, didn't feel the bumps on the highway. Good night's sleep.",22
VRL Travels-137,VRL Travels,"Excellent suspension, didn't feel the bumps on the highway. Good night's sleep.",30
VRL Travels-137,VRL Travels,Very comfortable sleeper seats. The driver drove very safely.,3
VRL Travels-137,VRL Travels,"Clean bus, courteous staff, and reached the destination 10 minutes early.",39
VRL Travels-419,VRL Travels,Overpriced for the quality. Non-functional charging ports.,39
VRL Travels-419,VRL Travels,Good budget friendly option. The state transport has really improved.,17
VRL Travels-419,VRL Travels,The seats were not cleaned properly and AC was leaking water.,34
VRL Travels-419,VRL Travels,The bus was perfectly on time and the AC worked great throughout the journey.,45
VRL Travels-419,VRL Travels,"Bus stopped too many times at night, disturbed my sleep, but otherwise fine.",21
VRL Travels-419,VRL Travels,Good budget friendly option. The state transport has really improved.,26
VRL Travels-419,VRL Travels,The seats were not cleaned properly and AC was leaking water.,46
VRL Travels-419,VRL Travels,Very comfortable sleeper seats. The driver drove very safely.,42
VRL Travels-531,VRL Travels,"Excellent suspension, didn't feel the bumps on the highway. Good night's sleep.",11
VRL Travels-531,VRL Travels,Charging ports worked! That's a huge plus. Very clean interiors.,21
VRL Travels-531,VRL Travels,Standard state transport bus. Nothing special but gets the job done.,29
VRL Travels-531,VRL Travels,"Clean bus, courteous staff, and reached the destination 10 minutes early.",37
VRL Travels-531,VRL Travels,"Excellent suspension, didn't feel the bumps on the highway. Good night's sleep.",46
VRL Travels-531,VRL Travels,The bus was perfectly on time and the AC worked great throughout the journey.,9
VRL Travels-531,VRL Travels,Reached on time but the boarding point was very crowded.,1
VRL Travels-531,VRL Travels,Good budget friendly option. The state transport has really improved.,15
VRL Travels-531,VRL Travels,Very comfortable sleeper seats. The driver drove very safely.,39
VRL Travels-531,VRL Travels,Charging ports worked! That's a huge plus. Very clean interiors.,9
VRL Travels-531,VRL Travels,"Bus stopped too many times at night, disturbed my sleep, but otherwise fine.",15
VRL Travels-531,VRL Travels,"Excellent suspension, didn't feel the bumps on the highway. Good night's sleep.",16
VRL Travels-531,VRL Travels,Reached on time but the boarding point was very crowded.,36
VRL Travels-531,VRL Travels,Reached on time but the boarding point was very crowded.,43
VRL Travels-223,VRL Travels,Good budget friendly option. The state transport has really improved.,16
VRL Travels-223,VRL Travels,Very comfortable sleeper seats. The driver drove very safely.,39
VRL Travels-223,VRL Travels,"Clean bus, courteous staff, and reached the destination 10 minutes early.",20
VRL Travels-223,VRL Travels,"Clean bus, courteous staff, and reached the destination 10 minutes early.",25
VRL Travels-223,VRL Travels,"Clean bus, courteous staff, and reached the destination 10 minutes early.",11
VRL Travels-223,VRL Travels,"Excellent suspension, didn't feel the bumps on the highway. Good night's sleep.",15
VRL Travels-223,VRL Travels,"Bus stopped too many times at night, disturbed my sleep, but otherwise fine.",1
VRL Travels-223,VRL Travels,Charging ports worked! That's a huge plus. Very clean interiors.,16
VRL Travels-223,VRL Travels,Charging ports worked! That's a huge plus. Very clean interiors.,35
VRL Travels-223,VRL Travels,"Excellent suspension, didn't feel the bumps on the highway. Good night's sleep.",40
VRL Travels-223,VRL Travels,The bus was perfectly on time and the AC worked great throughout the journey.,22
VRL Travels-223,VRL Travels,"Clean bus, courteous staff, and reached the destination 10 minutes early.",39
VRL Travels-223,VRL Travels,Charging ports worked! That's a huge plus. Very clean interiors.,38
VRL Travels-223,VRL Travels,The seats were not cleaned properly and AC was leaking water.,17
VRL Travels-996,VRL Travels,The bus was perfectly on time and the AC worked great throughout the journey.,33
VRL Travels-996,VRL Travels,Very comfortable sleeper seats. The driver drove very safely.,34
VRL Travels-996,VRL Travels,Charging ports worked! That's a huge plus. Very clean interiors.,44
VRL Travels-996,VRL Travels,Rash driving by the driver. Felt unsafe during the ghat section.,21
VRL Travels-996,VRL Travels,Standard state transport bus. Nothing special but gets the job done.,0
Orange Travels-352,Orange Travels,Rash driving by the driver. Felt unsafe during the ghat section.,45
Orange Travels-352,Orange Travels,"Clean bus, courteous staff, and reached the destination 10 minutes early.",30
Orange Travels-352,Orange Travels,Overpriced for the quality. Non-functional charging ports.,37
Orange Travels-352,Orange Travels,The seats were not cleaned properly and AC was leaking water.,17
Orange Travels-352,Orange Travels,Rash driving by the driver. Felt unsafe during the ghat section.,16
Orange Travels-352,Orange Travels,"Clean bus, courteous staff, and reached the destination 10 minutes early.",14
Orange Travels-352,Orange Travels,The bus was perfectly on time and the AC worked great throughout the journey.,19
Orange Travels-352,Orange Travels,"Excellent suspension, didn't feel the bumps on the highway. Good night's sleep.",21
Orange Travels-352,Orange Travels,"Bus stopped too many times at night, disturbed my sleep, but otherwise fine.",22
Orange Travels-352,Orange Travels,Reached on time but the boarding point was very crowded.,42
Orange Travels-352,Orange Travels,"Clean bus, courteous staff, and reached the destination 10 minutes early.",24
Orange Travels-352,Orange Travels,Very comfortable sleeper seats. The driver drove very safely.,15
Orange Travels-352,Orange Travels,"Bus stopped too many times at night, disturbed my sleep, but otherwise fine.",17
Orange Travels-352,Orange Travels,Standard state transport bus. Nothing special but gets the job done.,29
Orange Travels-352,Orange Travels,"Clean bus, courteous staff, and reached the destination 10 minutes early.",10
Orange Travels-859,Orange Travels,Overpriced for the quality. Non-functional charging ports.,25
Orange Travels-859,Orange Travels,Charging ports worked! That's a huge plus. Very clean interiors.,7
Orange Travels-859,Orange Travels,Good budget friendly option. The state transport has really improved.,26
Orange Travels-859,Orange Travels,Very comfortable sleeper seats. The driver drove very safely.,29
Orange Travels-859,Orange Travels,"Clean bus, courteous staff, and reached the destination 10 minutes early.",49
Orange Travels-859,Orange Travels,"Excellent suspension, didn't feel the bumps on the highway. Good night's sleep.",31
Orange Travels-859,Orange Travels,"Bus stopped too many times at night, disturbed my sleep, but otherwise fine.",9
Orange Travels-859,Orange Travels,Overpriced for the quality. Non-functional charging ports.,50
Orange Travels-859,Orange Travels,Very comfortable sleeper seats. The driver drove very safely.,24
Orange Travels-859,Orange Travels,"Excellent suspension, didn't feel the bumps on the highway. Good night's sleep.",25
Orange Travels-859,Orange Travels,Good budget friendly option. The state transport has really improved.,28
Orange Travels-859,Orange Travels,"Clean bus, courteous staff, and reached the destination 10 minutes early.",44
Orange Travels-629,Orange Travels,"Bus stopped too many times at night, disturbed my sleep, but otherwise fine.",35
Orange Travels-629,Orange Travels,"Bus stopped too many times at night, disturbed my sleep, but otherwise fine.",20
Orange Travels-629,Orange Travels,Very comfortable sleeper seats. The driver drove very safely.,24
Orange Travels-629,Orange Travels,It was an okay journey. AC was a bit too cold but seats were fine.,19
Orange Travels-629,Orange Travels,Bus was delayed by 2 hours. Very frustrating experience.,24
Orange Travels-629,Orange Travels,The seats were not cleaned properly and AC was leaking water.,29
Orange Travels-629,Orange Travels,"Bus stopped too many times at night, disturbed my sleep, but otherwise fine.",16
Orange Travels-629,Orange Travels,The seats were not cleaned properly and AC was leaking water.,3
Orange Travels-629,Orange Travels,Good budget friendly option. The state transport has really improved.,16
Orange Travels-704,Orange Travels,Very comfortable sleeper seats. The driver drove very safely.,13
Orange Travels-704,Orange Travels,Good budget friendly option. The state transport has really improved.,42
Orange Travels-704,Orange Travels,Standard state transport bus. Nothing special but gets the job done.,27
Orange Travels-704,Orange Travels,It was an okay journey. AC was a bit too cold but seats were fine.,10
Orange Travels-704,Orange Travels,Reached on time but the boarding point was very crowded.,5
Orange Travels-704,Orange Travels,It was an okay journey. AC was a bit too cold but seats were fine.,24
Orange Travels-704,Orange Travels,"Excellent suspension, didn't feel the bumps on the highway. Good night's sleep.",11
Orange Travels-704,Orange Travels,Good budget friendly option. The state transport has really improved.,34
Orange Travels-704,Orange Travels,"Excellent suspension, didn't feel the bumps on the highway. Good night's sleep.",19
Orange Travels-704,Orange Travels,Very comfortable sleeper seats. The driver drove very safely.,20
Orange Travels-704,Orange Travels,Very comfortable sleeper seats. The driver drove very safely.,32
Orange Travels-704,Orange Travels,"Excellent suspension, didn't feel the bumps on the highway. Good night's sleep.",43
Orange Travels-704,Orange Travels,"Excellent suspension, didn't feel the bumps on the highway. Good night's sleep.",5
Orange Travels-704,Orange Travels,The bus was perfectly on time and the AC worked great throughout the journey.,42
Orange Travels-674,Orange Travels,Charging ports worked! That's a huge plus. Very clean interiors.,49
Orange Travels-674,Orange Travels,"Bus stopped too many times at night, disturbed my sleep, but otherwise fine.",6
Orange Travels-674,Orange Travels,Reached on time but the boarding point was very crowded.,17
Orange Travels-674,Orange Travels,Rash driving by the driver. Felt unsafe during the ghat section.,30
Orange Travels-674,Orange Travels,Overpriced for the quality. Non-functional charging ports.,13
Orange Travels-674,Orange Travels,Charging ports worked! That's a huge plus. Very clean interiors.,34
Orange Travels-674,Orange Travels,"Clean bus, courteous staff, and reached the destination 10 minutes early.",15
Orange Travels-674,Orange Travels,Rash driving by the driver. Felt unsafe during the ghat section.,44
Orange Travels-674,Orange Travels,The bus was perfectly on time and the AC worked great throughout the journey.,13
Orange Travels-674,Orange Travels,It was an okay journey. AC was a bit too cold but seats were fine.,48
Orange Travels-674,Orange Travels,It was an okay journey. AC was a bit too cold but seats were fine.,13
Orange Travels-674,Orange Travels,The seats were not cleaned properly and AC was leaking water.,48
SRS Travels-388,SRS Travels,The bus was perfectly on time and the AC worked great throughout the journey.,45
SRS Travels-388,SRS Travels,"Excellent suspension, didn't feel the bumps on the highway. Good night's sleep.",17
SRS Travels-388,SRS Travels,Charging ports worked! That's a huge plus. Very clean interiors.,3
SRS Travels-388,SRS Travels,Good budget friendly option. The state transport has really improved.,35
SRS Travels-388,SRS Travels,Charging ports worked! That's a huge plus. Very clean interiors.,10
SRS Travels-388,SRS Travels,Charging ports worked! That's a huge plus. Very clean interiors.,49
SRS Travels-628,SRS Travels,It was an okay journey. AC was a bit too cold but seats were fine.,6
SRS Travels-628,SRS Travels,Charging ports worked! That's a huge plus. Very clean interiors.,19
SRS Travels-628,SRS Travels,"Bus stopped too many times at night, disturbed my sleep, but otherwise fine.",30
SRS Travels-628,SRS Travels,Bus was delayed by 2 hours. Very frustrating experience.,17
SRS Travels-628,SRS Travels,Very comfortable sleeper seats. The driver drove very safely.,48
SRS Travels-628,SRS Travels,Rash driving by the driver. Felt unsafe during the ghat section.,18
SRS Travels-628,SRS Travels,Charging ports worked! That's a huge plus. Very clean interiors.,25
SRS Travels-628,SRS Travels,Reached on time but the boarding point was very crowded.,23
SRS Travels-628,SRS Travels,Very comfortable sleeper seats. The driver drove very safely.,16
SRS Travels-628,SRS Travels,"Bus stopped too many times at night, disturbed my sleep, but otherwise fine.",49
SRS Travels-771,SRS Travels,It was an okay journey. AC was a bit too cold but seats were fine.,7
SRS Travels-771,SRS Travels,Very comfortable sleeper seats. The driver drove very safely.,8
SRS Travels-771,SRS Travels,Good budget friendly option. The state transport has really improved.,50
SRS Travels-771,SRS Travels,"Excellent suspension, didn't feel the bumps on the highway. Good night's sleep.",25
SRS Travels-771,SRS Travels,"Clean bus, courteous staff, and reached the destination 10 minutes early.",28
SRS Travels-771,SRS Travels,Charging ports worked! That's a huge plus. Very clean interiors.,20
SRS Travels-771,SRS Travels,Charging ports worked! That's a huge plus. Very clean interiors.,39
SRS Travels-771,SRS Travels,Charging ports worked! That's a huge plus. Very clean interiors.,12
SRS Travels-771,SRS Travels,Very comfortable sleeper seats. The driver drove very safely.,4
SRS Travels-771,SRS Travels,Good budget friendly option. The state transport has really improved.,7
SRS Travels-771,SRS Travels,The seats were not cleaned properly and AC was leaking water.,32
SRS Travels-771,SRS Travels,The bus was perfectly on time and the AC worked great throughout the journey.,12
SRS Travels-771,SRS Travels,Good budget friendly option. The state transport has really improved.,1
SRS Travels-771,SRS Travels,Good budget friendly option. The state transport has really improved.,44
SRS Travels-553,SRS Travels,The bus was perfectly on time and the AC worked great throughout the journey.,35
SRS Travels-553,SRS Travels,Rash driving by the driver. Felt unsafe during the ghat section.,50
SRS Travels-553,SRS Travels,The seats were not cleaned properly and AC was leaking water.,38
SRS Travels-553,SRS Travels,"Excellent suspension, didn't feel the bumps on the highway. Good night's sleep.",36
SRS Travels-553,SRS Travels,Good budget friendly option. The state transport has really improved.,42
SRS Travels-553,SRS Travels,Standard state transport bus. Nothing special but gets the job done.,20
SRS Travels-553,SRS Travels,The seats were not cleaned properly and AC was leaking water.,4
SRS Travels-553,SRS Travels,Good budget friendly option. The state transport has really improved.,20
SRS Travels-553,SRS Travels,"Excellent suspension, didn't feel the bumps on the highway. Good night's sleep.",46
SRS Travels-553,SRS Travels,"Excellent suspension, didn't feel the bumps on the highway. Good night's sleep.",43
SRS Travels-553,SRS Travels,It was an okay journey. AC was a bit too cold but seats were fine.,13
SRS Travels-553,SRS Travels,The seats were not cleaned properly and AC was leaking water.,0
SRS Travels-553,SRS Travels,"Clean bus, courteous staff, and reached the destination 10 minutes early.",4
SRS Travels-273,SRS Travels,Reached on time but the boarding point was very crowded.,24
SRS Travels-273,SRS Travels,Very comfortable sleeper seats. The driver drove very safely.,19
SRS Travels-273,SRS Travels,Reached on time but the boarding point was very crowded.,44
SRS Travels-273,SRS Travels,Bus was delayed by 2 hours. Very frustrating experience.,50
SRS Travels-273,SRS Travels,The seats were not cleaned properly and AC was leaking water.,14
SRS Travels-273,SRS Travels,Charging ports worked! That's a huge plus. Very clean interiors.,15
